GEO.id,GEO.id2,GEO.display-label,HD01_VD02,HD02_VD02,HD01_VD03,HD02_VD03,HD01_VD04,HD02_VD04,HD01_VD05,HD02_VD05,HD01_VD06,HD02_VD06,HD01_VD07,HD02_VD07,HD01_VD08,HD02_VD08,HD01_VD09,HD02_VD09,HD01_VD10,HD02_VD10,HD01_VD11,HD02_VD11
Id,Id2,Geography,Estimate; Median gross rent -- - Total:,Margin of Error; Median gross rent -- - Total:,Estimate; Median gross rent -- - Total: - Built 2010 or later,Margin of Error; Median gross rent -- - Total: - Built 2010 or later,Estimate; Median gross rent -- - Total: - Built 2000 to 2009,Margin of Error; Median gross rent -- - Total: - Built 2000 to 2009,Estimate; Median gross rent -- - Total: - Built 1990 to 1999,Margin of Error; Median gross rent -- - Total: - Built 1990 to 1999,Estimate; Median gross rent -- - Total: - Built 1980 to 1989,Margin of Error; Median gross rent -- - Total: - Built 1980 to 1989,Estimate; Median gross rent -- - Total: - Built 1970 to 1979,Margin of Error; Median gross rent -- - Total: - Built 1970 to 1979,Estimate; Median gross rent -- - Total: - Built 1960 to 1969,Margin of Error; Median gross rent -- - Total: - Built 1960 to 1969,Estimate; Median gross rent -- - Total: - Built 1950 to 1959,Margin of Error; Median gross rent -- - Total: - Built 1950 to 1959,Estimate; Median gross rent -- - Total: - Built 1940 to 1949,Margin of Error; Median gross rent -- - Total: - Built 1940 to 1949,Estimate; Median gross rent -- - Total: - Built 1939 or earlier,Margin of Error; Median gross rent -- - Total: - Built 1939 or earlier
0400000US06,06,California,1243,2,1410,46,1468,9,1334,8,1246,5,1233,5,1211,4,1214,5,1169,7,1164,6
1600000US0606000,0606000,"Berkeley city, California",1338,30,1819,285,1599,152,1472,124,1340,134,1251,92,1317,69,1254,91,1337,82,1353,54
1600000US3651000,3651000,"New York city, New York",1234,3,1718,90,1585,21,1331,26,1340,27,1170,15,1175,9,1140,9,1228,9,1246,5
