GEO.id,GEO.id2,GEO.display-label,HD01_VD02,HD02_VD02,HD01_VD03,HD02_VD03,HD01_VD04,HD02_VD04,HD01_VD05,HD02_VD05,HD01_VD06,HD02_VD06,HD01_VD07,HD02_VD07,HD01_VD08,HD02_VD08,HD01_VD09,HD02_VD09,HD01_VD10,HD02_VD10,HD01_VD11,HD02_VD11
Id,Id2,Geography,Estimate; Median gross rent -- - Total:,Margin of Error; Median gross rent -- - Total:,Estimate; Median gross rent -- - Total: - Built 2010 or later,Margin of Error; Median gross rent -- - Total: - Built 2010 or later,Estimate; Median gross rent -- - Total: - Built 2000 to 2009,Margin of Error; Median gross rent -- - Total: - Built 2000 to 2009,Estimate; Median gross rent -- - Total: - Built 1990 to 1999,Margin of Error; Median gross rent -- - Total: - Built 1990 to 1999,Estimate; Median gross rent -- - Total: - Built 1980 to 1989,Margin of Error; Median gross rent -- - Total: - Built 1980 to 1989,Estimate; Median gross rent -- - Total: - Built 1970 to 1979,Margin of Error; Median gross rent -- - Total: - Built 1970 to 1979,Estimate; Median gross rent -- - Total: - Built 1960 to 1969,Margin of Error; Median gross rent -- - Total: - Built 1960 to 1969,Estimate; Median gross rent -- - Total: - Built 1950 to 1959,Margin of Error; Median gross rent -- - Total: - Built 1950 to 1959,Estimate; Median gross rent -- - Total: - Built 1940 to 1949,Margin of Error; Median gross rent -- - Total: - Built 1940 to 1949,Estimate; Median gross rent -- - Total: - Built 1939 or earlier,Margin of Error; Median gross rent -- - Total: - Built 1939 or earlier
0400000US06,06,California,1224,2,1321,50,1447,9,1315,8,1232,5,1212,4,1197,5,1195,6,1148,6,1146,6
1600000US0606000,0606000,"Berkeley city, California",1298,34,1726,176,1608,180,1430,125,1393,113,1263,83,1266,65,1167,82,1331,75,1289,78
1600000US3651000,3651000,"New York city, New York",1200,3,1729,130,1570,24,1303,24,1298,29,1144,13,1136,9,1107,9,1186,8,1214,5
