GEO.id,GEO.id2,GEO.display-label,HD01_VD02,HD02_VD02,HD01_VD03,HD02_VD03,HD01_VD04,HD02_VD04,HD01_VD05,HD02_VD05,HD01_VD06,HD02_VD06,HD01_VD07,HD02_VD07,HD01_VD08,HD02_VD08,HD01_VD09,HD02_VD09,HD01_VD10,HD02_VD10,HD01_VD11,HD02_VD11
Id,Id2,Geography,Estimate; Median gross rent -- - Total:,Margin of Error; Median gross rent -- - Total:,Estimate; Median gross rent -- - Total: - Built 2010 or later,Margin of Error; Median gross rent -- - Total: - Built 2010 or later,Estimate; Median gross rent -- - Total: - Built 2000 to 2009,Margin of Error; Median gross rent -- - Total: - Built 2000 to 2009,Estimate; Median gross rent -- - Total: - Built 1990 to 1999,Margin of Error; Median gross rent -- - Total: - Built 1990 to 1999,Estimate; Median gross rent -- - Total: - Built 1980 to 1989,Margin of Error; Median gross rent -- - Total: - Built 1980 to 1989,Estimate; Median gross rent -- - Total: - Built 1970 to 1979,Margin of Error; Median gross rent -- - Total: - Built 1970 to 1979,Estimate; Median gross rent -- - Total: - Built 1960 to 1969,Margin of Error; Median gross rent -- - Total: - Built 1960 to 1969,Estimate; Median gross rent -- - Total: - Built 1950 to 1959,Margin of Error; Median gross rent -- - Total: - Built 1950 to 1959,Estimate; Median gross rent -- - Total: - Built 1940 to 1949,Margin of Error; Median gross rent -- - Total: - Built 1940 to 1949,Estimate; Median gross rent -- - Total: - Built 1939 or earlier,Margin of Error; Median gross rent -- - Total: - Built 1939 or earlier
0400000US06,06,California,1209,3,1326,66,1438,9,1295,9,1223,6,1197,4,1183,5,1181,5,1133,7,1127,6
1600000US0606000,0606000,"Berkeley city, California",1253,31,1438,512,1666,194,1382,142,1333,138,1262,72,1206,76,1165,71,1310,59,1232,41
1600000US3651000,3651000,"New York city, New York",1167,4,1814,156,1535,28,1260,27,1237,21,1120,13,1100,9,1070,7,1152,9,1184,4
